date,team,def_st_td,first_downs,passing_yards,rushing_yards,score,total_yards,turnovers,yards_per_carry,Superbowl Status
2002,49ers,0.17647058823529413,21.470588235294116,224.2941176470588,137.2941176470588,23.88235294117647,361.5882352941176,1.1176470588235294,4.641936173626355,0
2002,Bears,0.125,16.25,190.6875,84.0,17.5625,274.6875,2.1875,3.5284930395150393,0
2002,Bengals,0.4375,19.6875,217.25,108.125,17.4375,325.375,2.1875,3.949771086000577,0
2002,Bills,0.3125,22.1875,249.6875,99.75,23.6875,349.4375,1.9375,4.063349377107601,0
2002,Broncos,0.375,22.3125,239.0,141.625,24.5,380.625,1.6875,4.907907926371405,0
2002,Browns,0.17647058823529413,17.647058823529413,224.76470588235293,97.23529411764706,22.176470588235293,322.0,1.8823529411764706,3.691024932028392,0
2002,Buccaneers,0.6875,17.9375,215.3125,97.3125,21.625,312.625,1.3125,3.7237143582643246,1
2002,Cardinals,0.3125,17.125,171.25,113.9375,16.375,285.1875,2.1875,4.368699776338015,0
2002,Chargers,0.5,19.5625,199.25,133.5625,20.8125,332.8125,1.5,4.523803583046138,0
2002,Chiefs,0.3125,21.4375,226.375,148.625,29.1875,375.0,0.9375,5.102973144663748,0
2002,Colts,0.11764705882352941,19.647058823529413,245.8235294117647,94.88235294117646,20.529411764705884,340.70588235294116,2.0588235294117645,3.5842650527668307,0
2002,Commanders,0.3125,18.9375,203.375,118.0625,19.1875,321.4375,2.5,4.228635894365263,0
2002,Cowboys,0.5,14.8125,163.8125,109.625,13.5625,273.4375,2.125,4.109939951872783,0
2002,Dolphins,0.25,19.875,180.625,156.375,23.625,337.0,1.875,4.652829082695396,0
2002,Eagles,0.4375,19.4375,211.5,138.75,25.9375,350.25,1.5,4.47771249612971,0
2002,Falcons,0.35294117647058826,19.823529411764707,193.1764705882353,150.58823529411765,25.235294117647058,343.7647058823529,1.588235294117647,4.4706085829429725,0
2002,Giants,0.23529411764705882,20.529411764705884,251.64705882352942,117.29411764705883,21.058823529411764,368.94117647058823,1.6470588235294117,3.871999784093792,0
2002,Jaguars,0.0625,17.1875,172.625,130.5625,20.5,303.1875,0.9375,4.600119341678539,0
2002,Jets,0.23529411764705882,19.176470588235293,213.76470588235293,105.76470588235294,23.529411764705884,319.52941176470586,1.1176470588235294,3.9702594039798775,0
2002,Lions,0.5625,15.125,187.125,92.3125,19.125,279.4375,1.9375,4.165403344704355,0
2002,Packers,0.47058823529411764,19.705882352941178,227.05882352941177,115.23529411764706,23.823529411764707,342.29411764705884,1.9411764705882353,4.178814798481202,0
2002,Panthers,0.375,14.875,168.375,99.125,16.125,267.5,2.5,3.553982091534582,0
2002,Patriots,0.625,19.0,223.5625,94.25,23.8125,317.8125,1.5,3.815635666858608,0
2002,Raiders,0.5625,22.875,279.6875,110.125,28.125,389.8125,1.1875,4.1171540563398965,0
2002,Rams,0.1875,19.6875,259.625,87.8125,19.75,347.4375,2.8125,3.822295079469034,0
2002,Ravens,0.5,16.3125,177.9375,112.0,19.75,289.9375,2.0,4.165805770579121,0
2002,Saints,0.5625,18.1875,215.0625,110.25,27.0,325.3125,1.875,4.200119533048142,0
2002,Seahawks,0.4375,21.6875,254.875,108.75,22.1875,363.625,1.75,3.9352531543375404,0
2002,Steelers,0.23529411764705882,21.941176470588236,245.58823529411765,129.94117647058823,25.058823529411764,375.52941176470586,2.2941176470588234,4.093310027648476,0
2002,Texans,0.5,13.0,139.0625,84.1875,13.3125,223.25,1.8125,3.166684076143545,0
2002,Titans,0.5,19.5,207.5,122.0,22.9375,329.5,1.5625,3.7563698469023423,0
2002,Vikings,0.125,21.875,230.3125,156.6875,24.375,387.0,2.5625,5.409399148337368,0
2003,49ers,0.25,19.5625,213.0,142.4375,24.0,355.4375,1.5625,4.51408160916121,0
2003,Bears,0.3125,16.5,163.5625,110.1875,17.6875,273.75,1.8125,3.8743372312186253,0
2003,Bengals,0.1875,19.5625,208.875,124.1875,21.625,333.0625,1.375,3.994669957850799,0
2003,Bills,0.375,16.75,167.75,104.0,15.1875,271.75,2.125,3.752193052940706,0
2003,Broncos,0.23529411764705882,20.823529411764707,185.0,163.23529411764707,23.0,348.2352941176471,1.588235294117647,5.016558884596094,0
2003,Browns,0.1875,17.25,177.125,104.375,15.875,281.5,2.0625,3.9516795498908985,0
2003,Buccaneers,0.5,19.1875,237.8125,103.0,18.8125,340.8125,1.9375,4.105954782841968,0
2003,Cardinals,0.1875,16.0,184.9375,95.6875,14.0625,280.625,2.25,3.6003631767452866,0
2003,Chargers,0.125,18.125,188.8125,134.125,19.5625,322.9375,1.9375,5.04711725399862,0
2003,Chiefs,0.625,21.75,248.8125,120.5625,30.25,369.375,1.125,4.309301757269867,0
2003,Colts,0.35294117647058826,21.823529411764707,269.0,104.70588235294117,28.705882352941178,373.70588235294116,1.2352941176470589,3.710501943494202,0
2003,Commanders,0.0625,17.0,187.875,103.3125,17.9375,291.1875,1.75,3.930633396910043,0
2003,Cowboys,0.29411764705882354,17.41176470588235,193.76470588235293,121.82352941176471,17.58823529411765,315.5882352941176,1.8235294117647058,3.9011611664358155,0
2003,Dolphins,0.4375,16.625,174.5,113.5625,19.4375,288.0625,2.125,3.72808011983857,0
2003,Eagles,0.25,18.875,188.75,125.9375,23.375,314.6875,1.375,4.911514677238172,0
2003,Falcons,0.4375,15.75,150.5,121.8125,18.6875,272.3125,1.9375,4.3962597421148795,0
2003,Giants,0.5,18.75,211.4375,97.4375,15.1875,308.875,2.375,3.9783555880666728,0
2003,Jaguars,0.125,19.0625,205.3125,129.5625,17.25,334.875,1.9375,4.288032519874625,0
2003,Jets,0.0625,17.125,207.25,102.1875,17.6875,309.4375,1.25,3.973278326886106,0
2003,Lions,0.6875,15.625,182.75,83.625,16.875,266.375,1.75,3.563084159139039,0
2003,Packers,0.47058823529411764,19.823529411764707,209.35294117647058,155.05882352941177,27.941176470588236,364.4117647058824,1.8823529411764706,4.767574363724031,0
2003,Panthers,0.47058823529411764,17.647058823529413,195.47058823529412,129.2941176470588,20.823529411764707,324.7647058823529,1.8235294117647058,3.861144850500467,0
2003,Patriots,0.8125,18.375,214.5,100.4375,21.75,314.9375,1.5,3.4437317614425655,1
2003,Raiders,0.4375,16.125,171.9375,113.875,16.875,285.8125,1.625,4.401663488325273,0
2003,Rams,0.625,20.9375,247.5625,93.5,27.9375,341.0625,2.4375,3.5271870901987445,0
2003,Ravens,0.7647058823529411,15.941176470588236,144.47058823529412,160.47058823529412,24.0,304.94117647058823,2.3529411764705883,4.6490948631418165,0
2003,Saints,0.3125,18.875,214.875,125.0,21.25,339.875,1.75,4.351869055691951,0
2003,Seahawks,0.35294117647058826,21.176470588235293,229.94117647058823,121.05882352941177,25.352941176470587,351.0,1.7647058823529411,4.311732793016454,0
2003,Steelers,0.375,17.1875,206.5,93.0,18.75,299.5,1.75,3.3426310906985863,0
2003,Texans,0.125,14.8125,165.9375,103.1875,15.9375,269.125,1.6875,4.054174968976206,0
2003,Titans,0.7058823529411765,19.176470588235293,237.47058823529412,105.17647058823529,26.764705882352942,342.6470588235294,1.411764705882353,3.3657064905513945,0
2003,Vikings,0.5,21.0,246.9375,146.4375,26.0,393.375,1.5,4.758998152083106,0
2004,49ers,0.3125,17.5,196.0,90.5625,16.1875,286.5625,2.5,3.4036697930530333,0
2004,Bears,0.8125,14.375,137.0,101.5,14.4375,238.5,2.3125,3.6436900912268566,0
2004,Bengals,0.625,17.875,206.3125,114.9375,23.375,321.25,2.0,4.128809877088587,0
2004,Bills,0.875,16.9375,176.0625,117.125,24.6875,293.1875,1.8125,3.8273786517153034,0
2004,Broncos,0.25,21.9375,249.9375,145.8125,23.8125,395.75,1.8125,4.278126895168654,0
2004,Browns,0.1875,15.3125,176.5,103.5625,17.25,280.0625,2.5,3.754105629878439,0
2004,Buccaneers,0.4375,16.9375,217.125,93.0625,18.8125,310.1875,2.25,3.711047439508633,0
2004,Cardinals,0.25,17.5,180.125,104.25,17.75,284.375,1.8125,3.4733311382181604,0
2004,Chargers,0.1875,20.5,209.8125,136.5625,27.875,346.375,1.125,4.239725154242902,0
2004,Chiefs,0.375,24.875,275.375,143.0625,30.1875,418.4375,1.6875,4.560461669675367,0
2004,Colts,0.5,23.6875,288.9375,115.75,32.625,404.6875,1.0625,4.151251503203112,0
2004,Commanders,0.1875,16.8125,164.5,110.3125,15.0,274.8125,1.6875,3.656562901986126,0
2004,Cowboys,0.0,18.5,214.25,110.5625,18.3125,324.8125,2.3125,3.935305748248313,0
2004,Dolphins,0.1875,16.6875,191.5625,83.6875,17.1875,275.25,2.625,3.49362263105632,0
2004,Eagles,0.25,18.8125,248.6875,102.4375,24.125,351.125,1.375,4.28776504623155,0
2004,Falcons,0.6875,17.75,150.75,167.0,21.25,317.75,1.875,5.053714188955167,0
2004,Giants,0.375,17.5625,176.125,119.0,18.9375,295.125,1.5,4.40091142100653,0
2004,Jaguars,0.0,17.4375,197.4375,115.625,16.3125,313.0625,1.375,4.10092246184781,0
2004,Jets,0.4375,19.5625,190.625,149.25,20.8125,339.875,1.0,4.3880401253844195,0
2004,Lions,0.4375,16.4375,182.25,111.0625,18.5,293.3125,1.25,4.269873917504812,0
2004,Packers,0.625,22.125,278.0625,119.25,26.5,397.3125,1.8125,4.276103154109173,0
2004,Panthers,0.375,19.25,227.6875,98.875,22.1875,326.5625,1.625,3.6635900912503203,0
2004,Patriots,0.5625,21.5,224.25,133.375,27.3125,357.625,1.6875,3.93720020167383,1
2004,Raiders,0.125,17.1875,241.125,80.9375,20.0,322.0625,2.1875,3.831718976806854,0
2004,Rams,0.375,20.0625,265.8125,101.5,19.9375,367.3125,2.4375,3.991792723031488,0
2004,Ravens,0.9375,16.25,144.5,128.9375,19.8125,273.4375,1.4375,4.14254727739572,0
2004,Saints,0.3125,18.1875,224.1875,100.375,21.75,324.5625,1.625,3.8809959657698827,0
2004,Seahawks,0.375,20.0,221.1875,130.9375,23.1875,352.125,1.6875,4.455653428223656,0
2004,Steelers,0.625,19.375,170.0,154.0,23.25,324.0,1.3125,3.9743869695797933,0
2004,Texans,0.625,18.75,202.875,117.625,19.3125,320.5,1.5625,3.968215329066201,0
2004,Titans,0.25,19.25,226.0,116.9375,21.5,342.9375,1.9375,4.346321286650234,0
2004,Vikings,0.3125,21.9375,282.25,113.9375,25.3125,396.1875,1.3125,4.701256691669327,0
2005,49ers,0.625,11.9375,118.625,105.5625,14.9375,224.1875,2.1875,3.870399575509696,0
2005,Bears,0.5625,14.5625,125.125,131.1875,16.25,256.3125,1.75,4.237768781798275,0
2005,Bengals,0.125,21.375,238.75,119.375,26.3125,358.125,1.25,4.169522177319429,0
2005,Bills,0.1875,16.1875,157.1875,100.4375,16.9375,257.625,1.625,3.68333975332177,0
2005,Broncos,0.375,20.625,201.6875,158.6875,24.6875,360.375,1.0,4.750357736234434,0
2005,Browns,0.1875,15.0625,190.4375,93.9375,14.5,284.375,1.875,3.7528930978560915,0
2005,Buccaneers,0.375,16.75,180.625,114.125,18.75,294.75,1.4375,3.8272234712837436,0
2005,Cardinals,0.375,19.0,277.3125,71.125,19.4375,348.4375,2.3125,3.2105188923316748,0
2005,Chargers,0.25,21.0625,218.4375,129.5,26.125,347.9375,1.75,4.306070573807302,0
2005,Chiefs,0.3125,21.6875,238.125,148.875,25.1875,387.0,1.4375,4.593591598187186,0
2005,Colts,0.5,22.6875,256.0,106.4375,27.4375,362.4375,1.1875,3.4392904962060062,0
2005,Commanders,0.375,18.8125,194.125,136.4375,22.4375,330.5625,1.6875,4.076599452765368,0
2005,Cowboys,0.25,19.875,208.8125,116.3125,20.3125,325.125,1.9375,3.524944420145906,0
2005,Dolphins,0.125,17.125,206.25,118.625,19.875,324.875,1.875,4.329008149889279,0
2005,Eagles,0.3125,17.625,229.8125,89.5,19.375,319.3125,2.125,3.6481804415129897,0
2005,Falcons,0.3125,19.5625,167.4375,159.125,21.9375,326.5625,1.8125,4.616000592049472,0
2005,Giants,0.375,19.5,223.625,138.0625,26.375,361.6875,1.5625,4.694071225176103,0
2005,Jaguars,0.3125,18.8125,199.375,122.4375,22.5625,321.8125,1.0625,3.8492918262914,0
2005,Jets,0.4375,15.6875,165.125,83.0,15.0,248.125,2.125,3.3514761727105458,0
2005,Lions,0.375,16.125,178.0,91.9375,15.875,269.9375,1.875,3.607778874219009,0
2005,Packers,0.3125,19.875,235.375,84.5,18.625,319.875,2.8125,3.326038133756691,0
2005,Panthers,0.375,17.375,204.4375,104.9375,24.4375,309.375,1.625,3.431846579252716,0
2005,Patriots,0.25,20.875,257.5,94.5,23.6875,352.0,1.5,3.4548552647385775,0
2005,Raiders,0.125,18.375,223.875,85.5625,18.125,309.4375,1.4375,3.7691866744682776,0
2005,Rams,0.375,19.625,252.25,95.9375,22.6875,348.1875,2.3125,3.828568149321192,0
2005,Ravens,0.375,17.875,193.0,100.3125,16.5625,293.3125,2.25,3.455695638497107,0
2005,Saints,0.0,19.5,208.9375,105.5,14.6875,314.4375,2.6875,4.01722203589456,0
2005,Seahawks,0.375,22.5625,216.125,153.5625,28.25,369.6875,1.0625,4.716437913321537,0
2005,Steelers,0.25,18.5625,182.875,138.9375,24.3125,321.8125,1.4375,3.9446072225281594,1
2005,Texans,0.125,15.1875,139.8125,113.5,16.25,253.3125,1.5,4.1759405645551055,0
2005,Titans,0.5625,17.4375,224.8125,95.3125,18.6875,320.125,1.625,3.887300074157545,0
2005,Vikings,0.5,17.8125,196.625,91.6875,19.125,288.3125,1.875,3.879058641637847,0
2006,49ers,0.25,15.1875,168.0,135.75,18.625,303.75,2.0,4.963634593934925,0
2006,Bears,0.6875,18.75,205.0625,119.875,26.6875,324.9375,2.25,3.760563170274857,0
2006,Bengals,0.125,19.5625,239.5625,101.8125,23.3125,341.375,1.5,3.7286334341729934,0
2006,Bills,0.5625,14.625,169.9375,97.0,18.75,266.9375,1.8125,3.6526677288776317,0
2006,Broncos,0.25,17.8125,174.9375,134.5,19.9375,309.4375,1.875,4.378520833385791,0
2006,Browns,0.3125,15.625,181.125,83.4375,14.875,264.5625,2.625,3.4818015938611886,0
2006,Buccaneers,0.375,14.8125,174.875,95.1875,13.1875,270.0625,2.0,3.6322652263923816,0
2006,Cardinals,0.4375,18.625,228.875,83.625,19.625,312.5,1.875,3.2337570250807546,0
2006,Chargers,0.375,20.0625,203.875,161.125,30.75,365.0,0.9375,4.956619238437833,0
2006,Chiefs,0.125,19.375,187.5,133.9375,20.6875,321.4375,1.625,4.0924007640536395,0
2006,Colts,0.1875,23.5,269.25,110.125,26.6875,379.375,1.1875,3.9259647659953667,1
2006,Commanders,0.125,18.4375,189.1875,138.5,19.1875,327.6875,1.0625,4.45758679810393,0
2006,Cowboys,0.5625,21.0,239.75,121.0,26.5625,360.75,1.875,4.150298093983751,0
2006,Dolphins,0.375,17.5625,205.4375,104.5625,16.25,310.0,1.5625,3.994563098218411,0
2006,Eagles,0.625,19.5,257.4375,124.0,24.875,381.4375,1.5,4.771616305879077,0
2006,Falcons,0.25,17.9375,148.1875,183.6875,18.25,331.875,1.25,5.41865280714345,0
2006,Giants,0.3125,19.0,191.125,134.75,22.1875,325.875,1.75,4.653076594391516,0
2006,Jaguars,0.1875,18.3125,180.125,158.8125,23.1875,338.9375,1.4375,4.876798433038064,0
2006,Jets,0.25,18.0625,197.0625,108.625,19.75,305.6875,1.5625,3.4551242006267606,0
2006,Lions,0.125,18.125,238.75,70.5625,19.0625,309.3125,2.4375,3.3908473358601237,0
2006,Packers,0.625,18.8125,237.1875,103.9375,18.8125,341.125,2.0625,3.767346602324712,0
2006,Panthers,0.25,17.375,204.0,103.6875,16.875,307.6875,1.6875,3.899946882468035,0
2006,Patriots,0.0625,20.625,212.5,123.0625,24.0625,335.5625,1.6875,3.990256128790693,0
2006,Raiders,0.5,15.1875,151.25,94.9375,10.5,246.1875,2.875,3.9240596125002956,0
2006,Rams,0.25,20.75,247.625,112.8125,22.9375,360.4375,1.125,4.229906555855301,0
2006,Ravens,0.75,17.625,214.6875,102.3125,22.0625,317.0,1.4375,3.43882015564572,0
2006,Saints,0.1875,20.625,281.4375,110.0625,25.8125,391.5,1.4375,3.615704723561266,0
2006,Seahawks,0.3125,19.5,190.875,120.1875,20.9375,311.0625,2.125,3.909242871239305,0
2006,Steelers,0.3125,20.4375,233.3125,124.5,22.0625,357.8125,2.3125,3.9808149124870167,0
2006,Texans,0.375,17.625,173.625,105.4375,16.6875,279.0625,1.5625,3.8353584522672204,0
2006,Titans,0.8125,16.3125,162.25,138.375,20.25,300.625,1.625,4.521343369994819,0
2006,Vikings,0.75,17.0,195.1875,113.75,17.625,308.9375,2.0,4.070642494893214,0
2007,49ers,0.25,15.78125,178.09375,96.125,17.4375,274.21875,2.15625,4.064237733815338,0
2007,Bears,0.59375,16.5625,200.71875,93.84375,22.15625,294.5625,1.90625,3.4480444210819283,0
2007,Bengals,0.4375,17.65625,200.5625,96.125,18.25,296.6875,1.75,3.588811948472228,0
2007,Bills,0.5,16.71875,177.3125,113.8125,18.375,291.125,1.59375,4.060213679786325,0
2007,Broncos,0.28125,20.59375,251.71875,119.34375,21.5625,371.0625,1.84375,4.634545662920867,0
2007,Browns,0.3125,17.125,190.8125,109.375,19.8125,300.1875,1.71875,4.060225192036001,0
2007,Buccaneers,0.48484848484848486,18.151515151515152,217.5151515151515,114.48484848484848,21.484848484848484,332.0,1.4848484848484849,4.067025183841546,0
2007,Cardinals,0.71875,19.875,273.09375,81.8125,25.96875,354.90625,2.0625,3.5085485061062482,0
2007,Chargers,0.5428571428571428,18.085714285714285,218.97142857142856,115.31428571428572,25.942857142857143,334.2857142857143,1.3714285714285714,3.991476647782254,0
2007,Chiefs,0.25,16.5,197.1875,95.5625,16.15625,292.75,1.78125,3.973397678237988,0
2007,Colts,0.42424242424242425,21.424242424242426,258.45454545454544,91.63636363636364,25.78787878787879,350.09090909090907,1.1818181818181819,3.545236337909488,0
2007,Commanders,0.15625,18.78125,203.40625,122.1875,18.3125,325.59375,1.46875,3.9330314325479256,0
2007,Cowboys,0.3125,19.65625,247.8125,113.1875,25.875,361.0,1.78125,4.298651168069048,0
2007,Dolphins,0.28125,18.46875,208.21875,108.3125,19.125,316.53125,1.3125,4.057779229714375,0
2007,Eagles,0.4375,20.03125,239.5625,114.71875,23.5,354.28125,1.65625,4.283204512386415,0
2007,Falcons,0.25,17.53125,207.25,123.84375,20.3125,331.09375,1.40625,4.184445212590285,0
2007,Giants,0.4444444444444444,20.333333333333332,198.27777777777777,141.13888888888889,24.583333333333332,339.4166666666667,1.3611111111111112,4.596661165097685,1
2007,Jaguars,0.4411764705882353,19.88235294117647,206.88235294117646,128.8235294117647,22.470588235294116,335.70588235294116,1.4411764705882353,4.3327388774379365,0
2007,Jets,0.53125,18.5625,197.40625,115.78125,21.03125,313.1875,1.75,4.251905477393213,0
2007,Lions,0.34375,16.78125,213.6875,81.875,19.1875,295.5625,2.03125,3.646908930365,0
2007,Packers,0.7647058823529411,18.941176470588236,251.64705882352942,107.79411764705883,26.941176470588236,359.44117647058823,1.4411764705882353,4.114530095632115,0
2007,Panthers,0.25,16.9375,184.15625,133.15625,21.28125,317.3125,1.5,4.341777794161178,0
2007,Patriots,0.42857142857142855,23.428571428571427,256.7142857142857,127.6,30.428571428571427,384.3142857142857,1.1428571428571428,4.2302549237252505,0
2007,Raiders,0.28125,15.375,156.25,127.28125,17.0625,283.53125,1.875,4.0738727553633876,0
2007,Rams,0.21875,16.5625,193.125,99.25,15.46875,292.375,2.125,3.7876179415058564,0
2007,Ravens,0.53125,18.46875,182.59375,130.40625,20.625,313.0,1.90625,4.023594828893635,0
2007,Saints,0.40625,21.875,290.34375,95.625,26.3125,385.96875,1.75,3.8727947591681775,0
2007,Seahawks,0.5294117647058824,18.147058823529413,205.2941176470588,102.70588235294117,21.823529411764707,308.0,1.588235294117647,3.9433048089767095,0
2007,Steelers,0.3333333333333333,18.545454545454547,202.0909090909091,118.21212121212122,23.303030303030305,320.3030303030303,1.5454545454545454,3.8516036928808286,0
2007,Texans,0.4375,19.84375,250.5625,107.25,23.28125,357.8125,2.1875,4.010370594493789,0
2007,Titans,0.3333333333333333,17.848484848484848,176.54545454545453,134.15151515151516,20.666666666666668,310.6969696969697,1.606060606060606,3.9766233957814947,0
2007,Vikings,0.71875,18.3125,178.15625,155.375,23.25,333.53125,1.90625,4.836205360941046,0
2008,49ers,0.4,14.8,189.86666666666667,98.33333333333333,20.133333333333333,288.2,1.6,4.5025851121189016,0
2008,Bears,0.26666666666666666,16.0,213.66666666666666,89.46666666666667,19.333333333333332,303.1333333333333,2.2666666666666666,3.973552864700025,0
2008,Bengals,0.4666666666666667,19.333333333333332,192.66666666666666,132.26666666666668,20.333333333333332,324.93333333333334,1.4666666666666666,4.093627838342266,0
2008,Bills,0.26666666666666666,14.266666666666667,157.33333333333334,107.93333333333334,15.2,265.26666666666665,2.0,4.1487358058402615,0
2008,Broncos,0.4,18.4,213.26666666666668,116.8,20.133333333333333,330.06666666666666,1.3333333333333333,4.120270713236658,0
2008,Browns,0.26666666666666666,14.6,132.66666666666666,124.86666666666666,14.8,257.53333333333336,2.0,3.989237337374584,0
2008,Buccaneers,0.4666666666666667,15.533333333333333,187.13333333333333,105.8,15.6,292.93333333333334,2.1333333333333333,4.027018611928273,0
2008,Cardinals,0.3157894736842105,20.210526315789473,263.36842105263156,95.36842105263158,25.57894736842105,358.7368421052632,2.0,3.8000326019022355,0
2008,Chargers,0.4117647058823529,20.705882352941178,264.05882352941177,91.47058823529412,28.11764705882353,355.52941176470586,1.1764705882352942,3.186504650004303,0
2008,Chiefs,0.2,15.6,181.0,106.2,16.666666666666668,287.2,1.6666666666666667,3.911847061611911,0
2008,Colts,0.3125,21.5625,292.8125,83.3125,26.625,376.125,1.3125,3.6758233245768306,0
2008,Commanders,0.0,17.466666666666665,214.33333333333334,96.26666666666667,16.4,310.6,1.8666666666666667,3.9376456242606914,0
2008,Cowboys,0.26666666666666666,20.933333333333334,266.1333333333333,128.26666666666668,22.466666666666665,394.4,1.2,4.707461217831532,0
2008,Dolphins,0.375,20.6875,199.375,136.5,21.5625,335.875,1.9375,4.176440239672808,0
2008,Eagles,0.6666666666666666,18.72222222222222,264.1666666666667,101.27777777777777,27.944444444444443,365.44444444444446,1.6111111111111112,4.080896168559108,0
2008,Falcons,0.375,20.375,221.6875,109.5625,22.9375,331.25,1.5625,3.9767643173894553,0
2008,Giants,0.4375,20.5,252.625,121.25,25.375,373.875,2.0,4.09731669973261,0
2008,Jaguars,0.0,18.8,210.6,126.53333333333333,18.2,337.1333333333333,1.4666666666666666,4.746209181843743,0
2008,Jets,0.4,17.266666666666666,154.46666666666667,166.6,20.733333333333334,321.06666666666666,2.0,4.429884575227267,0
2008,Lions,0.4,17.533333333333335,194.6,101.06666666666666,15.933333333333334,295.6666666666667,2.6,3.9344427723544886,0
2008,Packers,0.4,20.733333333333334,262.93333333333334,118.4,28.533333333333335,381.3333333333333,1.0,4.403555104679755,0
2008,Panthers,0.125,18.125,177.75,149.6875,19.0625,327.4375,2.3125,4.721328447249563,0
2008,Patriots,0.26666666666666666,23.466666666666665,279.53333333333336,123.13333333333334,26.666666666666668,402.6666666666667,1.3333333333333333,4.101620873395809,0
2008,Raiders,0.0,14.266666666666667,152.2,110.0,12.266666666666667,262.2,2.066666666666667,4.174004905699885,0
2008,Rams,0.13333333333333333,16.866666666666667,177.6,113.13333333333334,11.266666666666667,290.73333333333335,2.2,4.384822431718984,0
2008,Ravens,0.5,19.0,208.33333333333334,124.11111111111111,23.555555555555557,332.44444444444446,1.5,4.246223499091925,0
2008,Saints,1.0666666666666667,22.266666666666666,283.53333333333336,133.0,33.333333333333336,416.53333333333336,1.6666666666666667,4.56641962592221,0
2008,Seahawks,0.4,18.733333333333334,222.26666666666668,95.06666666666666,17.8,317.3333333333333,2.0,3.5694722680662068,0
2008,Steelers,0.6111111111111112,20.11111111111111,254.5,103.66666666666667,23.5,358.1666666666667,1.3888888888888888,3.8021670762573354,1
2008,Texans,0.3333333333333333,20.733333333333334,290.6,88.73333333333333,23.6,379.3333333333333,1.8,3.3169138906374647,0
2008,Titans,0.5,18.125,195.9375,160.9375,21.6875,356.875,2.0,5.286234905606737,0
2008,Vikings,0.25,20.6875,246.9375,121.0625,27.5,368.0,1.25,4.026684486040286,0
2009,49ers,0.0,16.0,204.0,125.0,28.0,329.0,0.0,3.90625,0
2009,Bears,0.0,22.0,268.0,150.0,37.0,418.0,0.0,5.357142857142857,0
2009,Bengals,0.0,5.0,0.0,72.0,0.0,72.0,3.0,4.0,0
2009,Bills,0.0,19.0,155.0,248.0,30.0,403.0,0.0,5.904761904761905,0
2009,Broncos,0.0,30.0,428.0,84.0,24.0,512.0,3.0,3.8181818181818183,0
2009,Browns,0.0,18.0,86.0,214.0,23.0,300.0,1.0,4.36734693877551,0
2009,Buccaneers,0.0,13.0,168.0,38.0,10.0,206.0,2.0,1.7272727272727273,0
2009,Cardinals,0.0,13.0,139.0,48.0,7.0,187.0,3.0,3.4285714285714284,0
2009,Chargers,0.0,19.0,314.0,50.0,23.0,364.0,1.0,2.9411764705882355,0
2009,Chiefs,4.0,22.0,207.0,317.0,44.0,524.0,2.0,9.057142857142857,0
2009,Colts,0.0,11.0,132.0,25.0,7.0,157.0,3.0,1.5625,0
2009,Commanders,0.0,18.0,275.0,64.0,20.0,339.0,0.0,2.909090909090909,0
2009,Cowboys,0.0,21.0,295.0,179.0,24.0,474.0,1.0,5.59375,0
2009,Dolphins,0.0,20.0,204.0,99.0,24.0,303.0,3.0,3.96,0
2009,Eagles,0.0,10.0,191.0,37.0,0.0,228.0,1.0,3.7,0
2009,Falcons,0.0,24.0,214.0,183.0,20.0,397.0,3.0,4.945945945945946,0
2009,Giants,0.0,11.0,146.0,35.0,7.0,181.0,2.0,2.9166666666666665,0
2009,Jaguars,0.0,18.0,197.0,131.0,17.0,328.0,1.0,5.458333333333333,0
2009,Jets,0.0,21.0,63.0,257.0,37.0,320.0,0.0,4.508771929824562,0
2009,Lions,0.0,18.0,249.0,100.0,23.0,349.0,2.0,4.0,0
2009,Packers,2.0,24.0,236.0,109.0,33.0,345.0,1.0,3.2058823529411766,0
2009,Panthers,0.0,15.0,149.0,178.0,23.0,327.0,0.0,4.8108108108108105,0
2009,Patriots,2.0,21.0,243.0,74.0,27.0,317.0,2.0,3.8947368421052633,0
2009,Raiders,0.0,20.0,274.0,51.0,13.0,325.0,2.0,2.55,0
2009,Rams,0.0,6.0,22.0,87.0,6.0,109.0,0.0,3.3461538461538463,0
2009,Ravens,0.0,16.0,90.0,240.0,21.0,330.0,0.0,6.857142857142857,0
2009,Saints,0.0,14.0,102.0,111.0,10.0,213.0,3.0,3.46875,1
2009,Seahawks,0.0,16.0,169.0,140.0,13.0,309.0,1.0,5.384615384615385,0
2009,Steelers,0.0,22.0,201.0,202.0,30.0,403.0,2.0,5.611111111111111,0
2009,Texans,2.0,29.0,295.0,144.0,34.0,439.0,1.0,5.333333333333333,0
2009,Titans,0.0,19.0,171.0,133.0,17.0,304.0,2.0,3.41025641025641,0
2009,Vikings,0.0,28.0,358.0,129.0,44.0,487.0,0.0,4.03125,0
2010,49ers,0.5,15.6875,209.75,103.5625,19.0625,313.3125,1.4375,4.00642662087123,0
2010,Bears,0.3125,16.4375,188.4375,101.0,20.875,289.4375,1.9375,3.8984171301459605,0
2010,Bengals,0.25,19.8125,235.4375,95.125,20.125,330.5625,2.125,3.5059688589431794,0
2010,Bills,0.4375,16.4375,197.375,107.5,17.6875,304.875,2.4375,4.306749042612214,0
2010,Broncos,0.1875,19.3125,252.375,96.5,21.5,348.875,1.6875,3.918897160882974,0
2010,Browns,0.375,16.5625,186.8125,102.875,16.9375,289.6875,1.8125,3.8519708294615698,0
2010,Buccaneers,0.4375,18.0,210.0625,125.0625,21.3125,335.125,1.1875,4.646475731118887,0
2010,Cardinals,1.1875,15.0625,182.5625,86.75,18.0625,269.3125,2.1875,4.248144798747378,0
2010,Chargers,0.375,22.3125,282.4375,113.125,27.5625,395.5625,1.8125,3.8374234977996498,0
2010,Chiefs,0.4375,19.9375,185.5,164.1875,22.875,349.6875,0.875,4.550016602992643,0
2010,Colts,0.5,22.875,288.0625,92.6875,27.1875,380.75,1.5625,3.649099439210851,0
2010,Commanders,0.3125,18.4375,244.5625,91.3125,18.875,335.875,1.9375,4.075218443150491,0
2010,Cowboys,0.6875,20.4375,252.625,111.625,24.625,364.25,1.875,4.008915520309228,0
2010,Dolphins,0.125,18.75,220.4375,102.6875,17.0625,323.125,1.9375,3.639136616819253,0
2010,Eagles,0.3125,20.125,244.125,145.25,27.4375,389.375,1.5625,5.484588615769734,0
2010,Falcons,0.5,22.0625,222.9375,118.1875,25.875,341.125,1.0625,3.7284066277794627,0
2010,Giants,0.0,20.6875,242.8125,137.5,24.625,380.3125,2.625,4.595717975485623,0
2010,Jaguars,0.0625,20.625,191.5625,149.6875,22.0625,341.25,2.0625,4.523970906593397,0
2010,Jets,0.5,19.1875,202.625,148.375,22.9375,351.0,1.3125,4.395119996061233,0
2010,Lions,0.4375,19.0,238.125,100.8125,22.625,338.9375,1.5625,3.909405583481321,0
2010,Packers,0.4375,19.5,257.75,100.375,24.25,358.125,1.375,3.935568320406454,1
2010,Panthers,0.13333333333333333,14.533333333333333,149.6,118.13333333333334,12.866666666666667,267.73333333333335,2.3333333333333335,4.426861485924652,0
2010,Patriots,0.875,20.9375,240.4375,123.3125,32.375,363.75,0.625,4.326961200777512,0
2010,Raiders,0.625,19.125,198.75,155.875,25.625,354.625,1.625,4.662297382529852,0
2010,Rams,0.0,18.25,204.25,98.625,18.0625,302.875,1.3125,3.7645266514205087,0
2010,Ravens,0.4375,18.9375,208.4375,114.4375,22.3125,322.875,1.25,3.706226019893635,0
2010,Saints,0.25,21.9375,277.5625,94.9375,24.0,372.5,1.9375,3.815811249035925,0
2010,Seahawks,0.5,16.25,208.8125,89.0,19.375,297.8125,1.9375,3.5919785321454594,0
2010,Steelers,0.4666666666666667,18.2,220.53333333333333,120.6,23.2,341.1333333333333,1.0666666666666667,4.130836084862967,0
2010,Texans,0.0,22.5,259.0,127.625,24.375,386.625,1.125,4.556861335537806,0
2010,Titans,0.25,15.75,194.1875,107.9375,22.25,302.125,1.8125,4.112104623635231,0
2010,Vikings,0.3125,18.0625,193.5625,121.375,17.5625,314.9375,2.3125,4.318046172970464,0
2011,49ers,0.25,17.625,183.125,127.75,23.75,310.875,0.625,4.117165722732656,0
2011,Bears,1.0,16.9375,188.1875,125.9375,22.0625,314.125,1.8125,4.31128694905017,0
2011,Bengals,0.4375,17.8125,208.75,111.125,21.5,319.875,1.375,3.9137488741359006,0
2011,Bills,0.8125,19.5625,231.4375,120.0625,23.25,351.5,1.875,5.012357944319891,0
2011,Broncos,0.5,17.875,152.125,164.5,19.3125,316.625,1.875,4.81167765836735,0
2011,Browns,0.0625,17.375,193.125,95.6875,13.625,288.8125,1.1875,3.704302767575607,0
2011,Buccaneers,0.4,17.266666666666666,226.06666666666666,94.86666666666666,17.533333333333335,320.93333333333334,2.4,4.257968038064148,0
2011,Cardinals,0.25,17.875,222.9375,101.5625,19.5,324.5,2.0,4.219298013986202,0
2011,Chargers,0.3125,22.4375,276.625,116.5,25.375,393.125,1.75,4.219994117637432,0
2011,Chiefs,0.25,17.3125,192.5,118.3125,13.25,310.8125,1.75,3.969428015087228,0
2011,Colts,0.375,16.125,187.1875,99.625,15.1875,286.8125,1.8125,4.129977227007465,0
2011,Commanders,0.125,19.5,235.8125,100.875,18.0,336.6875,2.1875,3.893521039258718,0
2011,Cowboys,0.125,20.4375,262.5625,112.9375,23.0625,375.5,1.3125,4.441264216524209,0
2011,Dolphins,0.1875,17.9375,193.1875,124.1875,20.5625,317.375,1.5625,4.222087324284375,0
2011,Eagles,0.5,22.25,256.875,142.25,24.75,399.125,2.375,5.118088305181631,0
2011,Falcons,0.26666666666666666,21.8,267.6666666666667,105.53333333333333,23.8,373.2,1.2666666666666666,3.867349831255729,0
2011,Giants,0.125,20.6875,295.875,89.1875,24.625,385.0625,1.5,3.480950569914558,1
2011,Jaguars,0.375,15.6875,136.1875,123.125,15.1875,259.3125,1.4375,4.1734053286652895,0
2011,Jets,0.4375,18.8125,206.0625,105.75,23.5625,311.8125,2.125,3.804216156553737,0
2011,Lions,0.875,21.8125,300.875,95.1875,29.625,396.0625,1.4375,4.301516049703024,0
2011,Packers,0.75,22.0625,307.75,97.375,35.0,405.125,0.875,4.003061770427609,0
2011,Panthers,0.0625,21.5625,239.3125,150.5,25.375,389.8125,1.4375,5.466138811302557,0
2011,Patriots,0.4375,24.9375,317.75,110.25,32.0625,428.0,1.0625,4.014875570797081,0
2011,Raiders,0.1875,20.5,247.625,131.875,22.4375,379.5,1.875,4.492302052267228,0
2011,Rams,0.1875,16.6875,179.375,104.1875,12.0625,283.5625,1.4375,3.9335684237142763,0
2011,Ravens,0.5625,19.5,213.9375,124.75,23.625,338.6875,1.5,4.379896889527611,0
2011,Saints,0.4375,26.0,334.1875,132.9375,34.1875,467.125,1.1875,4.762363062227015,0
2011,Seahawks,0.5625,16.5625,194.0625,109.75,20.0625,303.8125,1.4375,3.90111413555807,0
2011,Steelers,0.1875,21.3125,253.375,118.9375,20.3125,372.3125,1.75,4.380506252920262,0
2011,Texans,0.25,20.0625,219.125,153.0,23.8125,372.125,1.25,4.476780726173862,0
2011,Titans,0.3125,17.5625,245.1875,89.875,20.3125,335.0625,1.375,3.666896290715352,0
2011,Vikings,0.0625,18.5625,184.8125,144.875,21.25,329.6875,1.625,5.060653166286874,0
2012,49ers,0.4375,20.125,206.125,155.6875,24.8125,361.8125,1.0,4.992339152843496,0
2012,Bears,1.1875,18.25,187.4375,123.125,23.4375,310.5625,1.5,4.258814230611253,0
2012,Bengals,0.4375,18.25,223.625,109.0625,24.4375,332.6875,1.625,3.942361158680417,0
2012,Bills,0.3125,18.8125,204.3125,138.5625,21.5,342.875,2.125,5.0350561984941775,0
2012,Broncos,0.875,23.75,283.375,114.5,30.0625,397.875,1.5625,3.713900037359304,0
2012,Browns,0.3125,17.4375,214.6875,99.5625,18.875,314.25,1.625,3.9948374875350243,0
2012,Buccaneers,0.4375,18.8125,248.9375,114.8125,24.3125,363.75,1.4375,4.31685947013691,0
2012,Cardinals,0.4375,15.375,187.8125,75.25,15.625,263.0625,2.125,3.1662660267479494,0
2012,Chargers,1.0,18.3125,205.9375,91.3125,21.875,297.25,1.625,3.7394316004095773,0
2012,Chiefs,0.0625,17.875,169.5625,149.6875,13.1875,319.25,2.3125,4.594511859494373,0
2012,Colts,0.625,22.5,258.0,104.4375,22.3125,362.4375,1.6875,3.817413838508539,0
2012,Commanders,0.625,21.3125,213.875,169.3125,27.25,383.1875,0.875,5.220964012966328,0
2012,Cowboys,0.4375,21.125,295.5625,79.0625,23.5,374.625,1.8125,3.395883362538457,0
2012,Dolphins,0.1875,18.0,198.875,112.625,18.0,311.5,1.625,3.9404680029427954,0
2012,Eagles,0.0625,20.75,236.9375,117.125,17.5,354.0625,2.3125,4.435320188272852,0
2012,Falcons,0.25,21.375,281.8125,87.3125,26.1875,369.125,1.125,3.702737884704775,0
2012,Giants,0.3125,20.4375,239.0625,116.375,26.8125,355.4375,1.3125,4.475938509806676,0
2012,Jaguars,0.0625,16.8125,213.6875,85.5625,15.9375,299.25,1.625,3.7866063104983048,0
2012,Jets,0.5,18.6875,180.6875,118.5,17.5625,299.1875,2.3125,3.777323818926003,0
2012,Lions,0.0,23.875,307.9375,100.8125,23.25,408.75,2.0625,4.10359508483761,0
2012,Packers,0.375,21.3125,253.0625,106.375,27.0625,359.4375,1.0,3.9474500849751997,0
2012,Panthers,0.4375,20.5,230.1875,130.5,22.3125,360.6875,1.375,4.346274434452239,0
2012,Patriots,0.75,27.75,291.375,136.5,34.8125,427.875,1.0,4.121590030337522,0
2012,Raiders,0.0,18.75,255.25,88.75,18.125,344.0,1.625,3.6053395393118564,0
2012,Rams,0.625,17.9375,221.875,107.125,18.6875,329.0,1.375,4.202662867766316,0
2012,Ravens,0.4375,19.625,233.6875,118.8125,24.875,352.5,1.0,4.26141335385829,1
2012,Saints,0.5625,22.0,312.3125,98.5625,28.8125,410.875,1.5,4.146219068948593,0
2012,Seahawks,0.5,19.4375,189.4375,161.1875,25.75,350.625,1.125,4.848400052214913,0
2012,Steelers,0.125,19.1875,236.6875,96.0625,21.0,332.75,1.875,3.6786625180269263,0
2012,Texans,0.5,21.3125,239.375,132.6875,26.0,372.0625,1.0625,4.141874104637981,0
2012,Titans,0.875,16.25,207.6875,105.4375,20.625,313.125,1.75,4.4098557008311,0
2012,Vikings,0.5,19.125,171.9375,164.625,23.6875,336.5625,1.4375,5.522935002969651,0
2013,49ers,0.5,17.875,186.1875,137.5625,25.375,323.75,1.125,4.343138311809296,0
2013,Bears,0.8125,21.5,267.5625,114.25,27.8125,381.8125,1.4375,4.576614327606773,0
2013,Bengals,0.75,20.625,258.5,109.6875,26.875,368.1875,1.875,3.561174279304433,0
2013,Bills,0.375,18.8125,193.9375,144.1875,21.1875,338.125,1.6875,4.230191380196546,0
2013,Broncos,0.4375,27.1875,340.25,117.0625,37.875,457.3125,1.625,3.928901232298787,0
2013,Browns,0.5625,18.8125,252.9375,86.4375,19.25,339.375,1.8125,4.1197871837748,0
2013,Buccaneers,0.375,16.8125,176.25,100.75,18.0,277.0,1.3125,3.6976506289924385,0
2013,Cardinals,0.625,20.5625,250.125,96.25,23.6875,346.375,1.9375,3.6331252549756337,0
2013,Chargers,0.125,23.3125,270.5,122.8125,24.75,393.3125,1.3125,4.013718649617684,0
2013,Chiefs,1.0625,20.1875,208.75,128.5,26.875,337.25,1.125,4.773834959135019,0
2013,Colts,0.1875,19.875,232.8125,108.9375,24.4375,341.75,0.875,4.2585589605118095,0
2013,Commanders,0.625,20.5625,234.4375,135.25,20.875,369.6875,2.125,4.738663545520809,0
2013,Cowboys,0.6875,20.3125,247.125,94.0,27.4375,341.125,1.25,4.403929308000557,0
2013,Dolphins,0.25,17.375,222.9375,90.0,19.8125,312.9375,1.625,3.8958853816139043,0
2013,Eagles,0.1875,22.1875,256.875,160.375,27.625,417.25,1.1875,5.0818296667178835,0
2013,Falcons,0.375,20.625,265.1875,77.9375,22.0625,343.125,1.75,3.8004081968755874,0
2013,Giants,0.3125,17.5,224.25,83.25,18.375,307.5,2.75,3.4169469529753065,0
2013,Jaguars,0.25,16.9375,215.0625,78.75,15.4375,293.8125,1.6875,3.2342708038259502,0
2013,Jets,0.1875,17.5,183.25,134.875,18.125,318.125,1.8125,4.429222742452541,0
2013,Lions,0.375,21.875,280.125,112.0,24.6875,392.125,2.125,3.926305425222147,0
2013,Packers,0.375,21.9375,266.75,133.5,26.0625,400.25,1.5625,4.511272540109648,0
2013,Panthers,0.5,19.9375,190.1875,126.625,22.875,316.8125,1.1875,4.299287089521843,0
2013,Patriots,0.375,23.625,255.4375,129.0625,27.75,384.5,1.25,4.304791484448633,0
2013,Raiders,0.375,17.1875,208.75,125.0,20.125,333.75,1.9375,4.395003935758761,0
2013,Rams,0.625,17.625,195.3125,109.5,21.75,304.8125,1.3125,3.9012487593864034,0
2013,Ravens,0.25,18.4375,224.375,83.0,20.0,307.375,1.8125,3.099224254897199,0
2013,Saints,0.0,22.4375,307.375,92.0625,25.875,399.4375,1.1875,3.6637006929674003,0
2013,Seahawks,0.5,19.1875,202.25,136.75,26.0625,339.0,1.1875,4.253100889350568,1
2013,Steelers,0.4375,19.5,251.0625,86.4375,23.6875,337.5,1.5,3.4747930820355957,0
2013,Texans,0.1875,19.1875,238.3125,108.9375,17.25,347.25,1.9375,4.157091114215685,0
2013,Titans,0.3125,19.4375,218.5,118.375,22.625,336.875,1.5625,4.1576238331328055,0
2013,Vikings,0.3125,19.3125,214.1875,130.0625,24.4375,344.25,2.0,4.999665802631499,0
2014,49ers,0.375,18.9375,191.4375,136.0,19.125,327.4375,1.375,4.462568518455418,0
2014,Bears,0.1875,20.125,237.0,90.0625,19.9375,327.0625,1.8125,3.8250139356542157,0
2014,Bengals,0.125,19.5625,213.8125,134.1875,22.8125,348.0,1.625,4.258891273487661,0
2014,Bills,0.3125,17.0625,225.875,92.625,21.4375,318.5,1.4375,3.6569317044154355,0
2014,Broncos,0.375,22.5,291.3125,111.5625,30.125,402.875,1.25,3.8959258229921687,0
2014,Browns,0.375,18.375,216.5625,108.0,18.6875,324.5625,1.4375,3.5536266285940195,0
2014,Buccaneers,0.375,16.4375,206.0625,85.9375,17.3125,292.0,2.0625,3.7399892044771907,0
2014,Cardinals,0.5625,18.875,238.0,81.75,19.375,319.75,1.0625,3.1692776466209156,0
2014,Chargers,0.375,20.375,256.125,85.4375,21.75,341.5625,1.4375,3.467660427939549,0
2014,Chiefs,0.3125,19.3125,198.875,119.875,22.0625,318.75,1.0625,4.5276083108994465,0
2014,Colts,0.1875,23.1875,305.875,100.75,28.625,406.625,1.9375,3.8208518862344416,0
2014,Commanders,0.0,19.875,252.9375,105.6875,18.8125,358.625,1.9375,4.115157106806369,0
2014,Cowboys,0.375,21.375,236.5,147.125,29.1875,383.625,1.5625,4.715079137338483,0
2014,Dolphins,0.375,22.5625,233.0625,117.0,24.25,350.0625,1.4375,4.742859486058548,0
2014,Eagles,0.9375,22.25,272.25,124.5,29.625,396.75,2.25,3.9396676884895476,0
2014,Falcons,0.3125,20.625,284.5625,93.625,23.8125,378.1875,1.4375,4.042062390659169,0
2014,Giants,0.125,21.0,267.0,100.1875,23.75,367.1875,1.75,3.4918693175535767,0
2014,Jaguars,0.375,16.9375,187.5625,102.0625,15.5625,289.625,1.625,4.499971238001129,0
2014,Jets,0.0,18.0625,184.125,142.5,17.6875,326.625,1.5,4.3852871005520715,0
2014,Lions,0.25,19.375,251.875,88.875,20.0625,340.75,1.25,3.642610310528,0
2014,Packers,0.625,22.25,266.3125,119.8125,30.375,386.125,0.8125,4.387337983281754,0
2014,Panthers,0.3125,21.6875,219.4375,127.25,21.1875,346.6875,1.4375,4.199217752305542,0
2014,Patriots,0.375,22.5625,257.5625,107.9375,29.25,365.5,0.8125,3.914002363373615,1
2014,Raiders,0.125,15.5,204.6875,77.5,15.8125,282.1875,1.8125,3.5918291430375717,0
2014,Rams,0.5,18.0,212.5,102.1875,20.25,314.6875,1.6875,4.115057397064667,0
2014,Ravens,0.25,21.5625,238.6875,126.1875,25.5625,364.875,1.25,4.451220013416112,0
2014,Saints,0.0,24.6875,297.75,113.625,25.0625,411.375,1.875,4.608567538487696,0
2014,Seahawks,0.25,20.5,203.125,172.625,24.625,375.75,0.875,5.327174770270269,0
2014,Steelers,0.625,23.6875,301.5625,109.5,27.25,411.0625,1.3125,3.923817935236784,0
2014,Texans,0.6875,19.5625,209.5,135.0625,23.25,344.5625,1.375,3.926351661239977,0
2014,Titans,0.25,16.125,213.25,90.4375,15.875,303.6875,1.625,4.061176063519814,0
2014,Vikings,0.5625,18.0,202.75,112.75,20.3125,315.5,1.25,4.283582885682619,0
2015,49ers,0.125,16.3125,207.25,96.5,14.875,303.75,1.0625,3.905382964001271,0
2015,Bears,0.0,19.5,228.9375,115.6875,20.9375,344.625,1.3125,3.9291394291456863,0
2015,Bengals,0.125,20.25,245.1875,112.8125,26.1875,358.0,1.0625,3.8852698327540542,0
2015,Bills,0.3125,18.5625,208.9375,152.0,23.6875,360.9375,1.1875,4.755189076627236,0
2015,Broncos,0.6875,19.625,248.125,107.375,22.1875,355.5,1.9375,3.9798952197237316,1
2015,Browns,0.3125,19.1875,236.375,95.5625,17.375,331.9375,1.875,3.7906381630639814,0
2015,Buccaneers,0.375,21.0,240.75,135.125,21.375,375.875,1.75,4.71241382180652,0
2015,Cardinals,0.8125,23.3125,288.5,119.8125,30.5625,408.3125,1.5,4.177310329611827,0
2015,Chargers,0.125,21.5,286.9375,84.875,20.0,371.8125,1.5,3.443780329035001,0
2015,Chiefs,0.75,18.9375,203.4375,127.75,25.3125,331.1875,0.9375,4.654246433651793,0
2015,Colts,0.625,19.4375,231.5,89.875,20.8125,321.375,1.875,3.7222664906436385,0
2015,Commanders,0.4375,19.8125,255.9375,97.875,24.25,353.8125,1.375,3.412777023025458,0
2015,Cowboys,0.1875,19.1875,216.9375,118.125,17.1875,335.0625,2.0625,4.649211020544714,0
2015,Dolphins,0.4375,18.1875,238.1875,93.5,19.375,331.6875,1.1875,4.075754064262192,0
2015,Eagles,0.6875,21.1875,255.4375,108.9375,23.5625,364.375,1.9375,3.8338495620597013,0
2015,Falcons,0.4375,22.4375,273.6875,100.6875,21.1875,374.375,1.875,3.786599404366542,0
2015,Giants,0.5625,20.6875,271.4375,100.5625,26.25,372.0,1.3125,3.9434664471774394,0
2015,Jaguars,0.4375,19.5625,256.75,92.0625,23.5,348.8125,1.75,4.107788037661138,0
2015,Jets,0.0,20.5625,253.5625,116.75,24.1875,370.3125,1.5,4.118599737554234,0
2015,Lions,0.25,21.0625,263.25,83.4375,22.375,346.6875,1.5,3.7894920160989476,0
2015,Packers,0.3125,19.8125,218.9375,115.625,23.0,334.5625,1.0625,4.230097325715712,0
2015,Panthers,0.5625,22.3125,224.3125,142.625,31.25,366.9375,1.1875,4.456824428562353,0
2015,Patriots,0.25,21.6875,286.6875,87.75,29.0625,374.4375,0.875,3.5424420220025286,0
2015,Raiders,0.125,18.75,242.4375,91.0625,22.4375,333.5,1.5,3.90525442651837,0
2015,Rams,0.4375,15.0625,175.3125,122.25,17.5,297.5625,1.3125,4.599628087659769,0
2015,Ravens,0.375,20.1875,266.9375,92.375,20.5,359.3125,1.75,3.7033811654246875,0
2015,Saints,0.25,23.8125,310.625,93.1875,25.5,403.8125,1.25,3.846060822857698,0
2015,Seahawks,0.5,20.9375,236.875,141.75,26.4375,378.625,1.0,4.528768471307583,0
2015,Steelers,0.3125,20.6875,287.6875,107.75,26.4375,395.4375,1.75,4.302839395144688,0
2015,Texans,0.375,20.9375,239.5625,108.1875,21.1875,347.75,1.25,3.625282413852007,0
2015,Titans,0.25,18.625,218.9375,92.8125,18.6875,311.75,2.0625,3.793341640997891,0
2015,Vikings,0.5625,18.5625,183.0,138.1875,22.8125,321.1875,1.0625,4.601826305096882,0
2016,49ers,0.0,17.9375,181.9375,126.1875,19.3125,308.125,1.5625,4.5318499646181545,0
2016,Bears,0.25,20.25,248.0625,108.4375,17.4375,356.5,1.9375,4.650405652224939,0
2016,Bengals,0.0,21.3125,246.375,110.5625,20.3125,356.9375,1.0625,3.8789558174646057,0
2016,Bills,0.3125,20.5,189.75,164.375,24.9375,354.125,0.75,5.146394920851589,0
2016,Broncos,0.5,18.125,230.3125,92.75,20.8125,323.0625,1.5625,3.557794500843805,0
2016,Browns,0.125,18.5,204.0,107.0,16.5,311.0,1.5625,4.5668369283114645,0
2016,Buccaneers,0.4375,21.25,245.375,101.0,22.125,346.375,1.6875,3.535139225970439,0
2016,Cardinals,0.375,23.0,258.5,108.25,26.125,366.75,1.75,4.351840196297853,0
2016,Chargers,0.5625,21.25,262.375,94.375,25.625,356.75,2.1875,3.6094319305034026,0
2016,Chiefs,0.6875,19.0625,233.75,109.25,24.3125,343.0,1.0625,4.236972628433261,0
2016,Colts,0.1875,21.9375,262.625,101.75,25.6875,364.375,1.375,4.058787032177872,0
2016,Commanders,0.0625,21.5625,297.375,106.0,24.75,403.375,1.3125,4.27541532144823,0
2016,Cowboys,0.0,22.375,226.9375,149.75,26.3125,376.6875,0.9375,4.774359821016348,0
2016,Dolphins,0.3125,17.375,218.75,114.0,22.6875,332.75,1.4375,4.303186388736203,0
2016,Eagles,0.375,20.8125,224.0625,113.3125,22.9375,337.375,1.25,4.119598317059617,0
2016,Falcons,0.5625,23.6875,295.3125,120.5,33.75,415.8125,0.6875,4.4685794442118105,0
2016,Giants,0.375,18.0625,242.4375,88.25,19.375,330.6875,1.6875,3.5475754208205403,0
2016,Jaguars,0.1875,20.0625,233.0,101.9375,19.875,334.9375,1.8125,4.17462409433187,0
2016,Jets,0.0625,18.1875,216.625,112.625,17.1875,329.25,2.125,4.221195445076574,0
2016,Lions,0.1875,20.5625,256.9375,81.875,21.625,338.8125,0.9375,3.7627164296843927,0
2016,Packers,0.0,21.8125,262.4375,106.3125,27.0,368.75,1.0625,4.608582967158869,0
2016,Panthers,0.3125,19.875,230.3125,113.375,23.0625,343.6875,1.8125,3.9905903812694525,0
2016,Patriots,0.0,21.9375,269.25,117.0,27.5625,386.25,0.6875,3.8953033390576985,1
2016,Raiders,0.125,20.875,253.1875,120.125,26.0,373.3125,0.875,4.313284474453993,0
2016,Rams,0.125,15.3125,184.4375,78.25,14.0,262.6875,1.8125,3.292115148902895,0
2016,Ravens,0.125,19.75,256.25,91.4375,21.4375,347.6875,1.4375,4.0266516656928975,0
2016,Saints,0.0,24.6875,317.125,108.875,29.3125,426.0,1.5,4.198322238575731,0
2016,Seahawks,0.125,19.5625,257.75,99.4375,22.125,357.1875,1.125,3.8900358854626416,0
2016,Steelers,0.125,21.0,262.625,110.0,24.9375,372.625,1.125,4.239361480108418,0
2016,Texans,0.1875,19.0625,198.5,116.1875,17.4375,314.6875,1.5,4.083851591274677,0
2016,Titans,0.125,20.125,221.3125,136.6875,23.8125,358.0,1.125,4.507699577147455,0
2016,Vikings,0.6875,18.9375,239.75,75.3125,20.4375,315.0625,1.0,3.2692736721610363,0
2017,49ers,0.125,20.78125,243.5,111.4375,21.03125,354.9375,1.71875,4.2802195704547055,0
2017,Bears,0.59375,18.6875,199.21875,116.4375,21.40625,315.65625,1.4375,3.935203773644956,0
2017,Bengals,0.46875,17.84375,200.375,95.25,20.5625,295.625,1.25,4.201347338687146,0
2017,Bills,0.21212121212121213,17.606060606060606,174.3030303030303,125.18181818181819,17.393939393939394,299.4848484848485,1.5151515151515151,4.19750603627491,0
2017,Broncos,0.375,19.28125,219.625,117.46875,19.3125,337.09375,1.71875,4.360505924124635,0
2017,Browns,0.0625,18.875,226.09375,112.71875,18.53125,338.8125,2.03125,4.478232351370776,0
2017,Buccaneers,0.28125,23.125,296.59375,92.90625,22.84375,389.5,1.9375,3.822905635205015,0
2017,Cardinals,0.28125,17.15625,192.59375,85.25,16.25,277.84375,1.65625,3.4633565812173366,0
2017,Chargers,0.34375,21.09375,266.25,108.375,24.46875,374.625,1.0625,4.2504016841982635,0
2017,Chiefs,0.48484848484848486,21.96969696969697,282.27272727272725,115.96969696969697,30.333333333333332,398.24242424242425,0.8787878787878788,4.7993298992641105,0
2017,Colts,0.0625,19.9375,229.78125,105.59375,21.75,335.375,1.21875,3.8720231177601,0
2017,Commanders,0.15625,17.4375,211.625,100.6875,19.46875,312.3125,1.4375,3.8622348456206486,0
2017,Cowboys,0.15625,19.875,208.71875,129.15625,21.65625,337.875,1.21875,4.469159542037732,0
2017,Dolphins,0.375,16.75,201.09375,97.6875,18.75,298.78125,1.625,4.274408110471838,0
2017,Eagles,0.3142857142857143,21.65714285714286,256.2857142857143,115.85714285714286,26.228571428571428,372.14285714285717,1.3142857142857143,4.183994693411002,1
2017,Falcons,0.2647058823529412,21.205882352941178,265.7647058823529,106.76470588235294,23.61764705882353,372.52941176470586,1.0588235294117647,4.2570172515531866,0
2017,Giants,0.28125,17.75,235.1875,99.96875,19.21875,335.15625,1.28125,4.1326567259616525,0
2017,Jaguars,0.5428571428571428,19.085714285714285,207.54285714285714,125.85714285714286,21.057142857142857,333.4,1.4857142857142858,4.191196030093083,0
2017,Jets,0.25,16.46875,198.34375,103.875,19.71875,302.21875,1.6875,3.7750062274693144,0
2017,Lions,0.46875,19.40625,242.46875,90.03125,22.9375,332.5,1.28125,3.7111235122877746,0
2017,Packers,0.21875,19.96875,231.40625,105.96875,21.75,337.375,1.25,4.703857936043925,0
2017,Panthers,0.15151515151515152,21.21212121212121,218.75757575757575,131.66666666666666,23.181818181818183,350.42424242424244,1.3333333333333333,4.726029209024617,0
2017,Patriots,0.2,23.885714285714286,280.3142857142857,119.6,28.17142857142857,399.9142857142857,0.9142857142857143,4.08991500675521,0
2017,Raiders,0.09375,18.34375,230.6875,99.4375,18.46875,330.125,1.625,4.198905405918924,0
2017,Rams,0.5454545454545454,22.151515151515152,260.1212121212121,130.27272727272728,30.848484848484848,390.3939393939394,1.2727272727272727,4.620304145306289,0
2017,Ravens,0.625,21.1875,205.875,134.28125,24.5,340.15625,1.15625,4.1931755711681875,0
2017,Saints,0.29411764705882354,22.147058823529413,261.11764705882354,124.0,29.61764705882353,385.11764705882354,1.088235294117647,4.300724673580649,0
2017,Seahawks,0.40625,19.625,210.9375,130.90625,24.8125,341.84375,0.875,4.376408055504554,0
2017,Steelers,0.24242424242424243,22.848484848484848,298.4848484848485,96.81818181818181,26.545454545454547,395.3030303030303,1.4545454545454546,3.8552721381766824,0
2017,Texans,0.5,20.1875,220.59375,120.71875,23.125,341.3125,1.375,4.122651346029031,0
2017,Titans,0.14705882352941177,18.147058823529413,193.02941176470588,121.26470588235294,20.0,314.29411764705884,1.3235294117647058,4.335515208726897,0
2017,Vikings,0.23529411764705882,20.294117647058822,245.88235294117646,106.32352941176471,22.88235294117647,352.20588235294116,1.1176470588235294,3.966394792581567,0
2019,49ers,0.625,21.0,237.0,144.0625,29.9375,381.0625,1.4375,4.587452801153143,0
2019,Bears,0.1875,18.5625,205.6875,91.125,17.5,296.8125,1.1875,3.5562643219334107,0
2019,Bengals,0.0625,19.5,228.25,94.8125,17.4375,323.0625,1.875,3.748939358204601,0
2019,Bills,0.0625,19.625,201.8125,128.375,19.625,330.1875,1.1875,4.455210395179861,0
2019,Broncos,0.125,17.4375,194.6875,103.875,17.625,298.5625,1.0,4.079741269363159,0
2019,Browns,0.125,19.0625,222.125,118.8125,20.9375,340.9375,1.75,4.871105491778163,0
2019,Buccaneers,0.75,22.0625,302.8125,95.0625,28.625,397.875,2.5625,3.8222561247423434,0
2019,Cardinals,0.0,19.625,217.3125,124.375,22.5625,341.6875,1.125,4.710946967832024,0
2019,Chargers,0.0625,21.8125,276.625,90.8125,21.0625,367.4375,1.9375,3.774626388496057,0
2019,Chiefs,0.375,21.875,281.125,98.0625,28.1875,379.1875,0.9375,4.2602813742562615,1
2019,Colts,0.125,21.25,194.25,133.125,22.5625,327.375,1.3125,4.347140631225207,0
2019,Commanders,0.0625,15.5,176.375,98.9375,16.625,275.3125,1.3125,4.291087185007022,0
2019,Cowboys,0.125,23.6875,296.9375,134.5625,27.125,431.5,1.125,4.57077257859959,0
2019,Dolphins,0.1875,19.6875,237.75,72.25,19.125,310.0,1.625,3.22784833329725,0
2019,Eagles,0.375,22.125,239.5625,121.1875,24.0625,360.75,1.4375,4.231760933588644,0
2019,Falcons,0.25,23.9375,294.625,85.0625,23.8125,379.6875,1.5625,3.7059757965686275,0
2019,Giants,0.3125,19.4375,233.1875,105.3125,21.3125,338.5,2.0625,4.648314881257993,0
2019,Jaguars,0.25,18.625,235.0,106.75,18.75,341.75,1.25,4.239507487340655,0
2019,Jets,0.625,15.8125,194.4375,78.5625,17.25,273.0,1.5625,3.3029086508999783,0
2019,Lions,0.1875,19.5625,243.75,103.0625,21.3125,346.8125,1.4375,3.9822901932071337,0
2019,Packers,0.0,20.0,233.3125,112.1875,23.5,345.5,0.8125,4.270057172095216,0
2019,Panthers,0.125,20.9375,228.125,113.6875,21.25,341.8125,2.1875,4.650675183081017,0
2019,Patriots,0.75,21.125,247.5625,106.4375,26.25,354.0,0.9375,3.8279514008692272,0
2019,Raiders,0.25,19.6875,245.375,118.3125,19.5625,363.6875,1.0625,4.347785010911174,0
2019,Rams,0.375,21.375,281.1875,93.6875,24.625,374.875,1.5,3.601605475060957,0
2019,Ravens,0.6875,24.125,201.5625,206.0,33.1875,407.5625,0.9375,5.542696550236275,0
2019,Saints,0.4375,21.6875,265.25,108.625,28.625,373.875,0.5,4.420254821764048,0
2019,Seahawks,0.375,21.3125,236.9375,137.5,25.3125,374.4375,1.25,4.615572493633504,0
2019,Steelers,0.4375,16.5625,186.3125,90.4375,18.0625,276.75,1.875,3.6185367036818823,0
2019,Texans,0.25,21.625,236.4375,125.5625,23.625,362.0,1.375,4.622505475148775,0
2019,Titans,0.375,19.8125,223.875,138.9375,25.125,362.8125,1.0625,4.9111008723957195,0
2019,Vikings,0.25,19.625,220.1875,133.3125,25.4375,353.5,1.25,4.42463619291454,0
2020,49ers,0.125,21.875,252.0625,118.0625,23.5,370.125,1.9375,4.345883626685177,0
2020,Bears,0.1875,20.9375,228.4375,102.9375,23.25,331.375,1.375,4.0815886541128314,0
2020,Bengals,0.0625,19.875,215.5,104.25,19.4375,319.75,1.5,4.028329987273628,0
2020,Bills,0.4375,24.8125,288.75,107.6875,31.3125,396.4375,1.375,4.145669223136779,0
2020,Broncos,0.0625,19.25,215.6875,119.875,20.1875,335.5625,2.0,4.3521087626145185,0
2020,Browns,0.125,22.1875,221.1875,148.375,25.5,369.5625,1.0,4.653074471878563,0
2020,Buccaneers,0.125,22.75,289.125,94.9375,30.75,384.0625,1.0625,3.955662974725475,1
2020,Cardinals,0.0,23.8125,244.75,139.8125,25.625,384.5625,1.3125,4.56336018429748,0
2020,Chargers,0.25,23.3125,270.5625,111.5,24.0,382.0625,1.0,3.786357170505253,0
2020,Chiefs,0.375,24.8125,303.375,112.4375,29.5625,415.8125,1.0,4.3479260591764195,0
2020,Colts,0.4375,22.75,253.3125,124.75,28.1875,378.0625,0.9375,4.343111374846217,0
2020,Commanders,0.375,20.125,216.5625,100.6875,20.9375,317.25,1.6875,3.9695917767869746,0
2020,Cowboys,0.3125,23.1875,260.0625,111.75,24.6875,371.8125,1.625,4.113185060976439,0
2020,Dolphins,0.3125,21.5625,233.5,105.5,25.25,339.0,1.25,3.8851882467001957,0
2020,Eagles,0.375,21.0,207.9375,126.6875,20.875,334.625,1.8125,5.117143067693959,0
2020,Falcons,0.125,22.875,272.6875,95.75,24.75,368.4375,1.125,3.7734047104173785,0
2020,Giants,0.25,18.5625,189.125,110.5,17.5,299.625,1.375,4.427160212779875,0
2020,Jaguars,0.1875,19.375,231.1875,94.9375,19.125,326.125,1.5625,4.440194689865407,0
2020,Jets,0.0625,16.8125,174.75,105.1875,15.1875,279.9375,1.1875,4.113597698818976,0
2020,Lions,0.0625,21.875,256.5,93.6875,23.5625,350.1875,1.3125,3.9760751376750365,0
2020,Packers,0.1875,22.375,256.625,132.375,31.8125,389.0,0.6875,4.669634148262915,0
2020,Panthers,0.3125,20.9375,243.0,106.5,21.875,349.5,1.3125,4.195669874423994,0
2020,Patriots,0.3125,20.75,180.625,146.625,20.375,327.25,1.1875,4.648016529077672,0
2020,Raiders,0.0,22.4375,263.5625,119.75,27.125,383.3125,1.625,4.125884000011399,0
2020,Rams,0.4375,22.0,250.875,126.125,23.25,377.0,1.5625,4.254082025542268,0
2020,Ravens,0.4375,20.4375,171.1875,191.9375,29.25,363.125,1.125,5.493260253426563,0
2020,Saints,0.125,22.9375,234.875,141.5625,30.125,376.4375,1.0625,4.589250970989387,0
2020,Seahawks,0.0,22.25,246.3125,123.1875,28.6875,369.5,1.125,4.828233348302726,0
2020,Steelers,0.375,20.125,250.1875,84.4375,26.0,334.625,1.125,3.406571670758136,0
2020,Texans,0.125,20.375,283.625,91.625,24.0,375.25,1.125,4.31919491288476,0
2020,Titans,0.1875,23.8125,228.3125,168.125,30.6875,396.4375,0.75,5.121755954914565,0
2020,Vikings,0.0,23.9375,250.5625,142.6875,26.875,393.25,1.4375,4.811171532674738,0
2021,49ers,0.11764705882352941,21.235294117647058,248.2941176470588,127.41176470588235,25.11764705882353,375.70588235294116,1.411764705882353,4.311321791184555,0
2021,Bears,0.17647058823529413,19.58823529411765,188.64705882352942,118.70588235294117,18.294117647058822,307.3529411764706,1.7058823529411764,4.2554609593955846,0
2021,Bengals,0.11764705882352941,19.823529411764707,259.0,102.47058823529412,27.058823529411764,361.47058823529414,1.2352941176470589,3.9032729416303917,0
2021,Bills,0.058823529411764705,23.41176470588235,252.0,129.94117647058823,28.41176470588235,381.94117647058823,1.2941176470588236,4.935112210487597,0
2021,Broncos,0.058823529411764705,19.470588235294116,211.35294117647058,119.11764705882354,19.705882352941178,330.47058823529414,1.0588235294117647,4.426516713243518,0
2021,Browns,0.11764705882352941,20.11764705882353,195.2941176470588,145.35294117647058,20.529411764705884,340.6470588235294,1.2941176470588236,5.0099669029518985,0
2021,Buccaneers,0.11764705882352941,23.764705882352942,307.5882352941176,98.3529411764706,30.058823529411764,405.94117647058823,1.1176470588235294,4.248781056472147,0
2021,Cardinals,0.11764705882352941,21.58823529411765,251.52941176470588,122.11764705882354,26.41176470588235,373.6470588235294,0.8823529411764706,4.211886904901611,0
2021,Chargers,0.11764705882352941,23.58823529411765,282.3529411764706,107.88235294117646,27.88235294117647,390.2352941176471,1.2941176470588236,4.327815183103379,0
2021,Chiefs,0.23529411764705882,24.647058823529413,281.8235294117647,115.0,28.235294117647058,396.8235294117647,1.4705882352941178,4.540118075164817,0
2021,Colts,0.17647058823529413,20.823529411764707,197.7058823529412,149.41176470588235,26.529411764705884,347.11764705882354,1.1176470588235294,5.059280704613185,0
2021,Commanders,0.17647058823529413,20.294117647058822,202.41176470588235,121.23529411764706,19.705882352941178,323.6470588235294,1.411764705882353,4.303988786542009,0
2021,Cowboys,0.5294117647058824,22.941176470588236,282.3529411764706,124.6470588235294,31.176470588235293,407.0,1.1764705882352942,4.413695797478814,0
2021,Dolphins,0.35294117647058826,19.11764705882353,214.76470588235293,92.23529411764706,20.058823529411764,307.0,1.5294117647058822,3.5067273378637274,0
2021,Eagles,0.29411764705882354,20.705882352941178,200.23529411764707,159.7058823529412,26.11764705882353,359.94117647058823,0.9411764705882353,4.94829956473288,0
2021,Falcons,0.11764705882352941,18.0,218.41176470588235,85.3529411764706,18.41176470588235,303.7647058823529,1.5294117647058822,3.679111729173904,0
2021,Giants,0.058823529411764705,17.58823529411765,188.0,99.29411764705883,15.176470588235293,287.29411764705884,1.7647058823529411,4.055002363682463,0
2021,Jaguars,0.11764705882352941,17.88235294117647,202.11764705882354,103.23529411764706,14.882352941176471,305.3529411764706,1.7058823529411764,4.318500927273675,0
2021,Jets,0.11764705882352941,18.235294117647058,208.2941176470588,98.05882352941177,18.235294117647058,306.3529411764706,1.588235294117647,4.18128046320032,0
2021,Lions,0.0,19.352941176470587,211.64705882352942,110.94117647058823,19.11764705882353,322.5882352941176,1.3529411764705883,4.375973914850574,0
2021,Packers,0.11764705882352941,22.058823529411764,253.8235294117647,111.76470588235294,26.470588235294116,365.5882352941176,0.7647058823529411,4.267707605879835,0
2021,Panthers,0.058823529411764705,18.941176470588236,190.52941176470588,108.3529411764706,17.88235294117647,298.88235294117646,1.7058823529411764,4.055700699729269,0
2021,Patriots,0.17647058823529413,21.294117647058822,226.88235294117646,126.52941176470588,27.176470588235293,353.4117647058824,1.3529411764705883,4.16273843420637,0
2021,Raiders,0.0,20.529411764705884,268.6470588235294,95.11764705882354,22.0,363.7647058823529,1.411764705882353,3.8724049847133633,0
2021,Rams,0.058823529411764705,20.88235294117647,273.05882352941177,99.0,27.058823529411764,372.05882352941177,1.3529411764705883,3.9988715094261513,1
2021,Ravens,0.058823529411764705,23.176470588235293,233.0,145.8235294117647,22.764705882352942,378.8235294117647,1.5294117647058822,4.680142688455296,0
2021,Saints,0.11764705882352941,18.058823529411764,187.41176470588235,117.11764705882354,21.41176470588235,304.52941176470586,1.0588235294117647,3.849284415762922,0
2021,Seahawks,0.058823529411764705,17.764705882352942,201.88235294117646,122.0,23.235294117647058,323.88235294117646,0.7647058823529411,4.8641063211812305,0
2021,Steelers,0.058823529411764705,19.0,222.23529411764707,93.11764705882354,20.176470588235293,315.3529411764706,1.1764705882352942,3.7202729542164743,0
2021,Texans,0.11764705882352941,15.647058823529411,194.41176470588235,83.6470588235294,16.470588235294116,278.05882352941177,1.2941176470588236,3.3251111508400992,0
2021,Titans,0.17647058823529413,21.294117647058822,201.05882352941177,141.41176470588235,24.647058823529413,342.47058823529414,1.4705882352941178,4.287151228216137,0
2021,Vikings,0.23529411764705882,19.529411764705884,249.2941176470588,113.52941176470588,25.0,362.8235294117647,0.7647058823529411,4.150103046810402,0
2022,49ers,0.17647058823529413,20.41176470588235,226.8235294117647,138.8235294117647,26.470588235294116,365.6470588235294,1.0,4.679755965966081,0
2022,Bears,0.0,16.352941176470587,130.52941176470588,177.2941176470588,19.176470588235293,307.8235294117647,1.4705882352941178,5.427062971456785,0
2022,Bengals,0.0625,22.3125,265.0,95.5,26.125,360.5,1.125,3.7679458225597933,0
2022,Bills,0.1875,22.9375,258.0625,139.5,28.4375,397.5625,1.6875,5.225427227934527,0
2022,Broncos,0.0,17.647058823529413,211.2941176470588,113.82352941176471,16.88235294117647,325.11764705882354,1.411764705882353,4.418079126249445,0
2022,Browns,0.23529411764705882,20.58823529411765,202.58823529411765,146.47058823529412,21.235294117647058,349.05882352941177,1.2352941176470589,4.654754577842827,0
2022,Buccaneers,0.058823529411764705,20.352941176470587,269.7647058823529,76.94117647058823,18.41176470588235,346.70588235294116,1.2941176470588236,3.2095049377866713,0
2022,Cardinals,0.29411764705882354,19.176470588235293,213.2941176470588,110.17647058823529,20.0,323.47058823529414,1.4705882352941178,4.281222000053285,0
2022,Chargers,0.058823529411764705,20.705882352941178,269.6470588235294,89.6470588235294,23.0,359.29411764705884,1.1176470588235294,3.651980831539552,0
2022,Chiefs,0.11764705882352941,24.0,297.7647058823529,115.88235294117646,29.176470588235293,413.6470588235294,1.3529411764705883,4.6087572898832825,1
2022,Colts,0.17647058823529413,18.235294117647058,201.88235294117646,109.76470588235294,17.0,311.6470588235294,2.0,4.155353366146026,0
2022,Commanders,0.17647058823529413,19.941176470588236,204.23529411764707,126.05882352941177,18.88235294117647,330.29411764705884,1.3529411764705883,4.002326593804936,0
2022,Cowboys,0.17647058823529413,20.41176470588235,219.76470588235293,135.1764705882353,27.470588235294116,354.94117647058823,1.3529411764705883,4.32117023556123,0
2022,Dolphins,0.17647058823529413,20.11764705882353,265.3529411764706,99.17647058823529,23.352941176470587,364.52941176470586,1.2352941176470589,4.241806872820725,0
2022,Eagles,0.11764705882352941,22.647058823529413,241.47058823529412,147.58823529411765,28.058823529411764,389.05882352941177,1.1176470588235294,4.527048525518142,0
2022,Falcons,0.23529411764705882,19.41176470588235,158.76470588235293,159.88235294117646,21.470588235294116,318.6470588235294,1.2352941176470589,4.850305149864841,0
2022,Giants,0.11764705882352941,20.705882352941178,185.7058823529412,148.1764705882353,21.470588235294116,333.88235294117646,0.9411764705882353,4.845800451128785,0
2022,Jaguars,0.23529411764705882,20.705882352941178,232.88235294117646,124.47058823529412,23.764705882352942,357.3529411764706,1.2941176470588236,4.663375665815749,0
2022,Jets,0.058823529411764705,17.294117647058822,219.0,99.17647058823529,17.41176470588235,318.1764705882353,1.3529411764705883,4.061444118692463,0
2022,Lions,0.11764705882352941,22.11764705882353,251.8235294117647,128.1764705882353,26.647058823529413,380.0,0.8823529411764706,4.508118563052767,0
2022,Packers,0.17647058823529413,19.647058823529413,213.64705882352942,124.29411764705883,21.764705882352942,337.94117647058823,1.2941176470588236,4.481357799338049,0
2022,Panthers,0.17647058823529413,16.529411764705884,176.23529411764707,130.0,20.41176470588235,306.2352941176471,1.2352941176470589,4.235709972074029,0
2022,Patriots,0.47058823529411764,16.941176470588236,208.0,106.58823529411765,21.41176470588235,314.5882352941176,1.3529411764705883,4.181938055517174,0
2022,Raiders,0.17647058823529413,20.176470588235293,231.41176470588235,121.11764705882354,23.235294117647058,352.52941176470586,1.2352941176470589,4.622823073391216,0
2022,Rams,0.058823529411764705,17.235294117647058,182.8235294117647,97.70588235294117,18.058823529411764,280.52941176470586,1.3529411764705883,3.9073435639119927,0
2022,Ravens,0.058823529411764705,19.823529411764707,178.8235294117647,160.0,20.58823529411765,338.8235294117647,1.2352941176470589,5.24153589266046,0
2022,Saints,0.058823529411764705,17.941176470588236,217.1764705882353,116.58823529411765,19.41176470588235,333.7647058823529,1.4705882352941178,4.169925083390072,0
2022,Seahawks,0.11764705882352941,20.352941176470587,231.41176470588235,120.11764705882354,23.941176470588236,351.52941176470586,1.3529411764705883,4.5670162280729505,0
2022,Steelers,0.058823529411764705,20.294117647058822,200.64705882352942,121.94117647058823,18.11764705882353,322.5882352941176,1.1176470588235294,4.098454063517532,0
2022,Texans,0.058823529411764705,16.294117647058822,196.7058823529412,86.82352941176471,17.0,283.52941176470586,1.6470588235294117,3.8073625068729804,0
2022,Titans,0.058823529411764705,16.294117647058822,171.41176470588235,125.3529411764706,17.529411764705884,296.7647058823529,1.3529411764705883,4.304566432602326,0
2022,Vikings,0.11764705882352941,22.470588235294116,263.7647058823529,97.70588235294117,24.941176470588236,361.47058823529414,1.3529411764705883,4.127952028007862,0
